文件名,文件ID,图片URL
IMG_0238.JPG,1iCWMGB8pdLBC1XvsKg8XcZnfoyVpe4mv,https://drive.google.com/uc?export=view&id=1iCWMGB8pdLBC1XvsKg8XcZnfoyVpe4mv
IMG_0237.JPG,1nD6rJbiip9p7oVXB0Zl0mea8ADBF0mlJ,https://drive.google.com/uc?export=view&id=1nD6rJbiip9p7oVXB0Zl0mea8ADBF0mlJ
IMG_0236.JPG,1dkGYA9oi56qg7QgBJNjp__Pg68sUXaZy,https://drive.google.com/uc?export=view&id=1dkGYA9oi56qg7QgBJNjp__Pg68sUXaZy
IMG_0235.JPG,1RTxWioFclPc6EYBMIGJ0Xz_osz3CHyC4,https://drive.google.com/uc?export=view&id=1RTxWioFclPc6EYBMIGJ0Xz_osz3CHyC4
IMG_0234.JPG,1C8BbAe6WTAAJwzwIWqlMmLOHDq8mT9dA,https://drive.google.com/uc?export=view&id=1C8BbAe6WTAAJwzwIWqlMmLOHDq8mT9dA
IMG_0231.JPG,1kMQnwwndyeVm24hzzGTE7O07jEAfqcCV,https://drive.google.com/uc?export=view&id=1kMQnwwndyeVm24hzzGTE7O07jEAfqcCV
IMG_0229.JPG,18q-EYBbpzrx6sMdtXsiWMmB35WoBC_g4,https://drive.google.com/uc?export=view&id=18q-EYBbpzrx6sMdtXsiWMmB35WoBC_g4
IMG_0230.JPG,1paubwh0GT4GCyBAKhYIVnpab8wmGVCVk,https://drive.google.com/uc?export=view&id=1paubwh0GT4GCyBAKhYIVnpab8wmGVCVk
IMG_0228.JPG,1aCXe2HY2YACejmXJFwWDkZqzfbICBTgM,https://drive.google.com/uc?export=view&id=1aCXe2HY2YACejmXJFwWDkZqzfbICBTgM
IMG_0227.JPG,1bRmKqBzfUtWRLG_2xQDy8-uGBh8mR6ZJ,https://drive.google.com/uc?export=view&id=1bRmKqBzfUtWRLG_2xQDy8-uGBh8mR6ZJ
IMG_0226.JPG,19zkkWdUE_i4JzJ3ALxHR9xzuNVop65pK,https://drive.google.com/uc?export=view&id=19zkkWdUE_i4JzJ3ALxHR9xzuNVop65pK
IMG_0225.JPG,1nUNEcbBd4BtaB7YbAdzk-QHkK2-13ppb,https://drive.google.com/uc?export=view&id=1nUNEcbBd4BtaB7YbAdzk-QHkK2-13ppb
IMG_0221.JPG,1Liy0vtxY15osZXNEYinp_kXJ7Sgym0rS,https://drive.google.com/uc?export=view&id=1Liy0vtxY15osZXNEYinp_kXJ7Sgym0rS
IMG_0224.JPG,1Nu1m3qJ0vagf8z31J9kMdW2y1EUlnWNW,https://drive.google.com/uc?export=view&id=1Nu1m3qJ0vagf8z31J9kMdW2y1EUlnWNW
IMG_0220.JPG,1nMhqFn3w795nTP53ZUlNNMEQm07vjOYD,https://drive.google.com/uc?export=view&id=1nMhqFn3w795nTP53ZUlNNMEQm07vjOYD
IMG_0222.JPG,1CJcD1RmJBWZ6YuzVlN6OwW2yjBkMXnLE,https://drive.google.com/uc?export=view&id=1CJcD1RmJBWZ6YuzVlN6OwW2yjBkMXnLE
IMG_0223.JPG,17U8UpvPKTOJFhY0T8DuWmWwEVjqNhQl1,https://drive.google.com/uc?export=view&id=17U8UpvPKTOJFhY0T8DuWmWwEVjqNhQl1
IMG_0219.JPG,1MrTrvy6m17WE_FNcAYgF0YnmEAmgobyi,https://drive.google.com/uc?export=view&id=1MrTrvy6m17WE_FNcAYgF0YnmEAmgobyi
IMG_0216.JPG,1__DpDmCmkCMnxtmE9IKQWDyC0oDZGt91,https://drive.google.com/uc?export=view&id=1__DpDmCmkCMnxtmE9IKQWDyC0oDZGt91
IMG_0217.JPG,1w10HfhS0OkIqEvb6EOJzGArBbJl5pD8C,https://drive.google.com/uc?export=view&id=1w10HfhS0OkIqEvb6EOJzGArBbJl5pD8C
IMG_0218.JPG,1mNGv5W-hRP-E4cww0ZAmyR1BOWz0chYp,https://drive.google.com/uc?export=view&id=1mNGv5W-hRP-E4cww0ZAmyR1BOWz0chYp
IMG_0215.JPG,1FqKhksHLSzbF93o4ufq2GZCN42o9Jms9,https://drive.google.com/uc?export=view&id=1FqKhksHLSzbF93o4ufq2GZCN42o9Jms9
IMG_0214.JPG,10oJnq_xFK-ovFYBNchrafMAax4WOdn8K,https://drive.google.com/uc?export=view&id=10oJnq_xFK-ovFYBNchrafMAax4WOdn8K
IMG_0208.JPG,1FGtXaZmhaqrb3CNSyJIHyOrZz4VaRT7a,https://drive.google.com/uc?export=view&id=1FGtXaZmhaqrb3CNSyJIHyOrZz4VaRT7a
IMG_0213.JPG,1RAfdsmc5XutCGMy5S5AeYHtcQjTbGLPd,https://drive.google.com/uc?export=view&id=1RAfdsmc5XutCGMy5S5AeYHtcQjTbGLPd
IMG_0212.JPG,1O-VpzprOqkUmF1pc-CVu4K2BpLIkukWy,https://drive.google.com/uc?export=view&id=1O-VpzprOqkUmF1pc-CVu4K2BpLIkukWy
IMG_0211.JPG,1cRnFn71cToW9D4AZwjlKqHtSgaHPRtiZ,https://drive.google.com/uc?export=view&id=1cRnFn71cToW9D4AZwjlKqHtSgaHPRtiZ
IMG_0209.JPG,16F6fWP5C3WdxlE0bMOgr8BCQa1gfRUTQ,https://drive.google.com/uc?export=view&id=16F6fWP5C3WdxlE0bMOgr8BCQa1gfRUTQ
IMG_0210.JPG,1IaJQ6DzcL2pAOrDS2cCrKhwKgndENIp2,https://drive.google.com/uc?export=view&id=1IaJQ6DzcL2pAOrDS2cCrKhwKgndENIp2
IMG_0205.JPG,1aESf3n6EVOS2-tOp7od0N3Vr7O3uvOfv,https://drive.google.com/uc?export=view&id=1aESf3n6EVOS2-tOp7od0N3Vr7O3uvOfv
IMG_0207.JPG,1n3ISh48ObCfLpmpx5SuKN4HeN-YEzDGx,https://drive.google.com/uc?export=view&id=1n3ISh48ObCfLpmpx5SuKN4HeN-YEzDGx
IMG_0204.JPG,1xibEOc-KstZv_2giepezSoNBcVnYOyU0,https://drive.google.com/uc?export=view&id=1xibEOc-KstZv_2giepezSoNBcVnYOyU0
IMG_0203.JPG,1qfPprpObcBy740M4fYVoZmyrg2AU7oCA,https://drive.google.com/uc?export=view&id=1qfPprpObcBy740M4fYVoZmyrg2AU7oCA
IMG_0202.JPG,1r7XbVFPMpFQ2ENid5LozMSWu0VrgV36J,https://drive.google.com/uc?export=view&id=1r7XbVFPMpFQ2ENid5LozMSWu0VrgV36J
IMG_0199.JPG,1HCf6hiwbG768XAD-HLZGh-CP0qcaPSFQ,https://drive.google.com/uc?export=view&id=1HCf6hiwbG768XAD-HLZGh-CP0qcaPSFQ
IMG_0201.JPG,1tPyBOpuEMNMO47tk49qm1WL-EgjtEZx_,https://drive.google.com/uc?export=view&id=1tPyBOpuEMNMO47tk49qm1WL-EgjtEZx_
IMG_0200.JPG,1auVXp_fVhUjM-eA7eI6_iCgpWUf9gL5o,https://drive.google.com/uc?export=view&id=1auVXp_fVhUjM-eA7eI6_iCgpWUf9gL5o
IMG_0198.JPG,1LkeEEMD5NDuasweO1_e3oPYy8KamlH-h,https://drive.google.com/uc?export=view&id=1LkeEEMD5NDuasweO1_e3oPYy8KamlH-h
IMG_0197.JPG,1QqLSsk_xVU8m-wuVB5ylz5FcGn5UQz2W,https://drive.google.com/uc?export=view&id=1QqLSsk_xVU8m-wuVB5ylz5FcGn5UQz2W
IMG_0195.JPG,1Wba5_Ai0CVKe1DcJ_KzkJyi-a9ih5S4K,https://drive.google.com/uc?export=view&id=1Wba5_Ai0CVKe1DcJ_KzkJyi-a9ih5S4K
IMG_0193.JPG,1w1rcGHRuIbMGc0zlyjMr5_OhiDw3wi1k,https://drive.google.com/uc?export=view&id=1w1rcGHRuIbMGc0zlyjMr5_OhiDw3wi1k
IMG_0196.JPG,1hsqCo-CHRR8Cj9qcc1_E_xhFNZY9kbsY,https://drive.google.com/uc?export=view&id=1hsqCo-CHRR8Cj9qcc1_E_xhFNZY9kbsY
IMG_0192.JPG,1Yhd-T5coY8AGcMrf1VrAznL1ARBmCuhM,https://drive.google.com/uc?export=view&id=1Yhd-T5coY8AGcMrf1VrAznL1ARBmCuhM
IMG_0191.JPG,1r9p5lP7bZe3FcnbSY1hJezbMeItyDtsB,https://drive.google.com/uc?export=view&id=1r9p5lP7bZe3FcnbSY1hJezbMeItyDtsB
IMG_0190.JPG,13Y9xRpSanpKeo4DNg4-hFyWNu_ntMPfP,https://drive.google.com/uc?export=view&id=13Y9xRpSanpKeo4DNg4-hFyWNu_ntMPfP
IMG_0188.JPG,1aMSt3OQkcUsFVHWQPkOhleV0l4-IsXdO,https://drive.google.com/uc?export=view&id=1aMSt3OQkcUsFVHWQPkOhleV0l4-IsXdO
IMG_0184.JPG,1j5DHHE2ewypxbPJKeGEpyqY3o5EWcbDl,https://drive.google.com/uc?export=view&id=1j5DHHE2ewypxbPJKeGEpyqY3o5EWcbDl
IMG_0187.JPG,1Y1W9novNkhhTzVlwanpOZaKkINffWD70,https://drive.google.com/uc?export=view&id=1Y1W9novNkhhTzVlwanpOZaKkINffWD70
IMG_0189.JPG,1baWrII57mMo3zqnQhXm9c2mKaSAvCuo0,https://drive.google.com/uc?export=view&id=1baWrII57mMo3zqnQhXm9c2mKaSAvCuo0
IMG_0186.JPG,1xg26lg3P298LF0ORPmKLJ7mpUyOMHwIC,https://drive.google.com/uc?export=view&id=1xg26lg3P298LF0ORPmKLJ7mpUyOMHwIC
IMG_0185.JPG,1deopVFkFWAN8u--T6HeTbnK876PYPIkG,https://drive.google.com/uc?export=view&id=1deopVFkFWAN8u--T6HeTbnK876PYPIkG
IMG_0183.JPG,1jx9Esgk_Qo7U4fRKxChgC10AvlY0zsy1,https://drive.google.com/uc?export=view&id=1jx9Esgk_Qo7U4fRKxChgC10AvlY0zsy1
IMG_0182.JPG,1dh2o9kNLNEI4PFID11U5QWOFG8ixUBTv,https://drive.google.com/uc?export=view&id=1dh2o9kNLNEI4PFID11U5QWOFG8ixUBTv
IMG_0181.JPG,1tkbN1wbdHIQyer4SVgwz8eCq42NKX2nx,https://drive.google.com/uc?export=view&id=1tkbN1wbdHIQyer4SVgwz8eCq42NKX2nx
IMG_0180.JPG,1MkoL7qfuArxEMSADbqgsNKEFdyzJJIuJ,https://drive.google.com/uc?export=view&id=1MkoL7qfuArxEMSADbqgsNKEFdyzJJIuJ
IMG_0179.JPG,1J7Ljoa55-nN9MIbIcQ5Gu-vjton_kc0Z,https://drive.google.com/uc?export=view&id=1J7Ljoa55-nN9MIbIcQ5Gu-vjton_kc0Z
IMG_0178.JPG,1Y2O4DUDtZRjgrBGs0gvjYd7Xj9N2sTQW,https://drive.google.com/uc?export=view&id=1Y2O4DUDtZRjgrBGs0gvjYd7Xj9N2sTQW
IMG_0177.JPG,1DxtrlYPJqoSK1tDsJTb6ZlRNYSjmbsPG,https://drive.google.com/uc?export=view&id=1DxtrlYPJqoSK1tDsJTb6ZlRNYSjmbsPG
IMG_0176.JPG,1vLk1jH5WwfQEsT-bzjJEzx5eszNNFrE1,https://drive.google.com/uc?export=view&id=1vLk1jH5WwfQEsT-bzjJEzx5eszNNFrE1
IMG_0173.JPG,1CIgpSd4rY4-qGdBeaRZ7ZIegzngqqVOe,https://drive.google.com/uc?export=view&id=1CIgpSd4rY4-qGdBeaRZ7ZIegzngqqVOe
IMG_0175.JPG,1u3XJ6EMWpOKpqoel-8qMSUGcKeU7qCgR,https://drive.google.com/uc?export=view&id=1u3XJ6EMWpOKpqoel-8qMSUGcKeU7qCgR
IMG_0174.JPG,1980dCDOQyxKHK5SHYIGl1Gsptxrz6yvC,https://drive.google.com/uc?export=view&id=1980dCDOQyxKHK5SHYIGl1Gsptxrz6yvC
IMG_0172.JPG,1jYsUpf4HkNLo0Wu8aRlrWQ7yjHstZsi4,https://drive.google.com/uc?export=view&id=1jYsUpf4HkNLo0Wu8aRlrWQ7yjHstZsi4
IMG_0171.JPG,1dNLvJcPR_lhbTg-stv1s8ozbBuidOsWY,https://drive.google.com/uc?export=view&id=1dNLvJcPR_lhbTg-stv1s8ozbBuidOsWY
IMG_0166.JPG,1sgqlLYOq_tZc40FT9PlVSZqEwfscTLw_,https://drive.google.com/uc?export=view&id=1sgqlLYOq_tZc40FT9PlVSZqEwfscTLw_
IMG_0169.JPG,1b9wYJCoSy7fmmNaoGDUB3IP-9vhaExfd,https://drive.google.com/uc?export=view&id=1b9wYJCoSy7fmmNaoGDUB3IP-9vhaExfd
IMG_0168.JPG,1zi6bho184bg7QXWcZXZtKtrV8NebIOiZ,https://drive.google.com/uc?export=view&id=1zi6bho184bg7QXWcZXZtKtrV8NebIOiZ
IMG_0164.JPG,1kcKIG9ey7nyNboVDbOYILn4ZlyRaTQXt,https://drive.google.com/uc?export=view&id=1kcKIG9ey7nyNboVDbOYILn4ZlyRaTQXt
IMG_0170.JPG,1tWnPZC84zX8G8Md-7rD75kfsspJyOEDA,https://drive.google.com/uc?export=view&id=1tWnPZC84zX8G8Md-7rD75kfsspJyOEDA
IMG_0165.JPG,1xGWs7LnnXT6hRTb7yOP6QgUS-j8dB_JZ,https://drive.google.com/uc?export=view&id=1xGWs7LnnXT6hRTb7yOP6QgUS-j8dB_JZ
IMG_0167.JPG,1IwAQ4Jhuql2JpZE6k4JEZ6GHS3tZn8ek,https://drive.google.com/uc?export=view&id=1IwAQ4Jhuql2JpZE6k4JEZ6GHS3tZn8ek
IMG_0163.JPG,1_SLyqwYaMB8P6_F_uNi0-XPdK0GwL4jP,https://drive.google.com/uc?export=view&id=1_SLyqwYaMB8P6_F_uNi0-XPdK0GwL4jP
IMG_0162.JPG,1xiF1J3q7-UvXlKIHU9355ElN3SEu_xpZ,https://drive.google.com/uc?export=view&id=1xiF1J3q7-UvXlKIHU9355ElN3SEu_xpZ
IMG_0161.JPG,1x-P_WP7rvxPCI9-xuR9ijAH1nry8-tKM,https://drive.google.com/uc?export=view&id=1x-P_WP7rvxPCI9-xuR9ijAH1nry8-tKM
IMG_0160.JPG,1kIAkAS8i7pJj_HUxuEAEFj7b8y5EavzX,https://drive.google.com/uc?export=view&id=1kIAkAS8i7pJj_HUxuEAEFj7b8y5EavzX
IMG_0159.JPG,1Pc069aKhVW8LsjrknZz5wgNJKqFXquFi,https://drive.google.com/uc?export=view&id=1Pc069aKhVW8LsjrknZz5wgNJKqFXquFi
IMG_0157.JPG,1fezVI6KJ4lHeV3EzMBp10aZAUm36EL1j,https://drive.google.com/uc?export=view&id=1fezVI6KJ4lHeV3EzMBp10aZAUm36EL1j
IMG_0154.JPG,1OGKCpVWdeBDazHKPxEk6k0qWgeV--lI8,https://drive.google.com/uc?export=view&id=1OGKCpVWdeBDazHKPxEk6k0qWgeV--lI8
IMG_0158.JPG,1UH6wfxcJtKMEcfR9Kcp-fceZBVMLNrkx,https://drive.google.com/uc?export=view&id=1UH6wfxcJtKMEcfR9Kcp-fceZBVMLNrkx
IMG_0156.JPG,1yIDQk1qrHquJfUjGOYE1T_YhY4Sy1GEV,https://drive.google.com/uc?export=view&id=1yIDQk1qrHquJfUjGOYE1T_YhY4Sy1GEV
IMG_0153.JPG,1tQ-k0sY_vakT4FE7_WjV3vr4hgIui3ju,https://drive.google.com/uc?export=view&id=1tQ-k0sY_vakT4FE7_WjV3vr4hgIui3ju
IMG_0152.JPG,1wbFD-gCGCVE7NTU0FPMu4WgTlgoILT1L,https://drive.google.com/uc?export=view&id=1wbFD-gCGCVE7NTU0FPMu4WgTlgoILT1L
IMG_0151.JPG,1KUs6_8zSUKNu9Ve8yltHLe-ZVFXX5paE,https://drive.google.com/uc?export=view&id=1KUs6_8zSUKNu9Ve8yltHLe-ZVFXX5paE
IMG_0150.JPG,1tNoCrwZNSqEwdhw88i86MW0zY0ifb7ix,https://drive.google.com/uc?export=view&id=1tNoCrwZNSqEwdhw88i86MW0zY0ifb7ix
IMG_0146.JPG,1Dut658Xw2fV8TixxxI55YICbZOlIyOhq,https://drive.google.com/uc?export=view&id=1Dut658Xw2fV8TixxxI55YICbZOlIyOhq
IMG_0143.JPG,1Nfy9rs2XPerAIDCn0EzL-ueN_zFWPWon,https://drive.google.com/uc?export=view&id=1Nfy9rs2XPerAIDCn0EzL-ueN_zFWPWon
IMG_0149.JPG,1mvj0O2cxiqETLCrY6vnHXAyPwWGaY-8U,https://drive.google.com/uc?export=view&id=1mvj0O2cxiqETLCrY6vnHXAyPwWGaY-8U
IMG_0142.JPG,1-og01uAB_pcTJg-1t33VekKwPBxHhvO3,https://drive.google.com/uc?export=view&id=1-og01uAB_pcTJg-1t33VekKwPBxHhvO3
IMG_0141.JPG,1d2LwyVhbQgFIyhJWuJkrk5aaqDmm_X3-,https://drive.google.com/uc?export=view&id=1d2LwyVhbQgFIyhJWuJkrk5aaqDmm_X3-
IMG_0148.JPG,1zuwjY8AXn_hQpKZUtzv1J9CGxZ7Mu5Ed,https://drive.google.com/uc?export=view&id=1zuwjY8AXn_hQpKZUtzv1J9CGxZ7Mu5Ed
IMG_0145.JPG,1VzXypawmfflrccnfH0x2ADav1vY_ngXg,https://drive.google.com/uc?export=view&id=1VzXypawmfflrccnfH0x2ADav1vY_ngXg
IMG_0140.JPG,1nT6Y69BLChTTVRTzfOvQQGHMEF3BHzvu,https://drive.google.com/uc?export=view&id=1nT6Y69BLChTTVRTzfOvQQGHMEF3BHzvu
IMG_0138.JPG,1F7aVHtw_3xFLHXGSaXd6HpkE7dS07AqO,https://drive.google.com/uc?export=view&id=1F7aVHtw_3xFLHXGSaXd6HpkE7dS07AqO
IMG_0137.JPG,1dVgvRqpmp3Rag3-tc-0rLI3BJbIeLr_s,https://drive.google.com/uc?export=view&id=1dVgvRqpmp3Rag3-tc-0rLI3BJbIeLr_s
IMG_0135.JPG,1BD6f8mhtdxM__qbwI7zAIL4f2KSy3--t,https://drive.google.com/uc?export=view&id=1BD6f8mhtdxM__qbwI7zAIL4f2KSy3--t
IMG_0134.JPG,1RqasOHISaaDp18ez0UDw3UAisLf5a-HZ,https://drive.google.com/uc?export=view&id=1RqasOHISaaDp18ez0UDw3UAisLf5a-HZ
IMG_0132.JPG,1th8L4aZNsrEl4Gnpb4DOi_oUWJVeXs-M,https://drive.google.com/uc?export=view&id=1th8L4aZNsrEl4Gnpb4DOi_oUWJVeXs-M
IMG_0136.JPG,1W8Dw9Ml__3I1RapJsD67qsOLKocltwlo,https://drive.google.com/uc?export=view&id=1W8Dw9Ml__3I1RapJsD67qsOLKocltwlo
IMG_0131.JPG,15Hh2HQRKJeU0qZOkrcKigcasGC6l8HHb,https://drive.google.com/uc?export=view&id=15Hh2HQRKJeU0qZOkrcKigcasGC6l8HHb
IMG_0130.JPG,1zB2p_I44IJKeP-b81G1SzHWrd4FFE6B2,https://drive.google.com/uc?export=view&id=1zB2p_I44IJKeP-b81G1SzHWrd4FFE6B2
IMG_0129.JPG,1Yf_JAqSt9JakWec8JcD6WIvoWQyIQUBn,https://drive.google.com/uc?export=view&id=1Yf_JAqSt9JakWec8JcD6WIvoWQyIQUBn
IMG_0128.JPG,1u5ylkxOrJ4CmdpGTetiiLO2htEb4rCsJ,https://drive.google.com/uc?export=view&id=1u5ylkxOrJ4CmdpGTetiiLO2htEb4rCsJ
IMG_0127.JPG,1OswuY81P4b1WWQytF4IDWw28lapneGNq,https://drive.google.com/uc?export=view&id=1OswuY81P4b1WWQytF4IDWw28lapneGNq
IMG_0124.JPG,1fzOBCJnonTUKWBTRXZbABJH0ED-frgWZ,https://drive.google.com/uc?export=view&id=1fzOBCJnonTUKWBTRXZbABJH0ED-frgWZ
IMG_0126.JPG,1axBWmjCNzxZjrZt3BRVBuJY_NWeaj3jZ,https://drive.google.com/uc?export=view&id=1axBWmjCNzxZjrZt3BRVBuJY_NWeaj3jZ
IMG_0125.JPG,1XWa310Ht6ZDa_fCROgOdGKOC1XL8Zb0G,https://drive.google.com/uc?export=view&id=1XWa310Ht6ZDa_fCROgOdGKOC1XL8Zb0G
IMG_0121.JPG,1WIdg884-1R1q0Gg51IZYmkBXzv0Xa7l0,https://drive.google.com/uc?export=view&id=1WIdg884-1R1q0Gg51IZYmkBXzv0Xa7l0
IMG_0123.JPG,1pI1VERAQT8ISNoTcacGihpxws10l1gmQ,https://drive.google.com/uc?export=view&id=1pI1VERAQT8ISNoTcacGihpxws10l1gmQ
IMG_0120.JPG,1ohQIwWec8y9-nlx4iG7W4uJcf4CjNP2x,https://drive.google.com/uc?export=view&id=1ohQIwWec8y9-nlx4iG7W4uJcf4CjNP2x
IMG_0122.JPG,1LHRzeJFhPM0Kj-GCrsPtPkCnUnNFzLVO,https://drive.google.com/uc?export=view&id=1LHRzeJFhPM0Kj-GCrsPtPkCnUnNFzLVO
IMG_0119.JPG,1utJvmRALvd6F92kZ11TMl67VOJRc_k6c,https://drive.google.com/uc?export=view&id=1utJvmRALvd6F92kZ11TMl67VOJRc_k6c
IMG_0118.JPG,1hSCYRsUbvqK5jqqhaPWppGhhwzd8RhMs,https://drive.google.com/uc?export=view&id=1hSCYRsUbvqK5jqqhaPWppGhhwzd8RhMs
IMG_0117.JPG,1qqn2WAznKXw0Ns39eF06IGVgLqCmz0gX,https://drive.google.com/uc?export=view&id=1qqn2WAznKXw0Ns39eF06IGVgLqCmz0gX
IMG_0115.JPG,1w3mcUaMMMB8DNEZZEG9FKVSkOu6GtK_X,https://drive.google.com/uc?export=view&id=1w3mcUaMMMB8DNEZZEG9FKVSkOu6GtK_X
IMG_0114.JPG,1Kei6kEjXzaengbiGMxKhRNT_FSRtZRZv,https://drive.google.com/uc?export=view&id=1Kei6kEjXzaengbiGMxKhRNT_FSRtZRZv
IMG_0113.JPG,1MKmJ3DYbCh8Y_HVgTmi30UOf6iX4Z5LP,https://drive.google.com/uc?export=view&id=1MKmJ3DYbCh8Y_HVgTmi30UOf6iX4Z5LP
IMG_0116.JPG,1oStwpDAXOrZZL7gBqoc7b1vGTE_h1XLf,https://drive.google.com/uc?export=view&id=1oStwpDAXOrZZL7gBqoc7b1vGTE_h1XLf
IMG_0112.JPG,1jyDgMvb9_1zQhwQ7amrqbgfwaXfbdMj3,https://drive.google.com/uc?export=view&id=1jyDgMvb9_1zQhwQ7amrqbgfwaXfbdMj3
IMG_0110.JPG,15deoXDkzeP1NjKrdqTmFtyUtvT36j3fX,https://drive.google.com/uc?export=view&id=15deoXDkzeP1NjKrdqTmFtyUtvT36j3fX
IMG_0111.JPG,1J2JYCheiP0up7-BASPT2sv_TGOqsdTSj,https://drive.google.com/uc?export=view&id=1J2JYCheiP0up7-BASPT2sv_TGOqsdTSj
IMG_0109.JPG,1ChOiXd1T8QpUC_ERsKkT7-S6qM2VP5Fi,https://drive.google.com/uc?export=view&id=1ChOiXd1T8QpUC_ERsKkT7-S6qM2VP5Fi
IMG_0108.JPG,1_1WcM1up8DMHLVwjej4Kf-KtHuG0-Gx9,https://drive.google.com/uc?export=view&id=1_1WcM1up8DMHLVwjej4Kf-KtHuG0-Gx9
IMG_0107.JPG,1c_pSN1NTqYBjHmzRGZ2gursuqHIcGkW4,https://drive.google.com/uc?export=view&id=1c_pSN1NTqYBjHmzRGZ2gursuqHIcGkW4
IMG_0104.JPG,1mg8ArQqKd_ZFTJJfJR1SxQVlusEQ1I9_,https://drive.google.com/uc?export=view&id=1mg8ArQqKd_ZFTJJfJR1SxQVlusEQ1I9_
IMG_0103.JPG,1srQsOKUBGi-Q2joOhOV8pQmXKUlKIbE_,https://drive.google.com/uc?export=view&id=1srQsOKUBGi-Q2joOhOV8pQmXKUlKIbE_
IMG_0105.JPG,17GQQ-j21XvU0Tewabw_sC3Cqf4lIheyO,https://drive.google.com/uc?export=view&id=17GQQ-j21XvU0Tewabw_sC3Cqf4lIheyO
IMG_0106.JPG,1TZMy4-J0fbPdw5moPcKa6vCucwCmlwif,https://drive.google.com/uc?export=view&id=1TZMy4-J0fbPdw5moPcKa6vCucwCmlwif
IMG_0102.JPG,1pYtMNnn7sceikxjjBebUDWZ1mVC59hEh,https://drive.google.com/uc?export=view&id=1pYtMNnn7sceikxjjBebUDWZ1mVC59hEh
IMG_0100.JPG,1EUm4KQc7dvzDbmNHhAijn48RF8p5PDN3,https://drive.google.com/uc?export=view&id=1EUm4KQc7dvzDbmNHhAijn48RF8p5PDN3
IMG_0101.JPG,1KuUJ-b6KobuMHzGaAfzKper0bW0JeS8r,https://drive.google.com/uc?export=view&id=1KuUJ-b6KobuMHzGaAfzKper0bW0JeS8r
IMG_0099.JPG,1iMSzdxy5xv1CwkE_4VHLQX4FsByicNhZ,https://drive.google.com/uc?export=view&id=1iMSzdxy5xv1CwkE_4VHLQX4FsByicNhZ
IMG_0098.JPG,1XPFfcM9MuvcbRxVv5uXVYOYcc9N5O5KF,https://drive.google.com/uc?export=view&id=1XPFfcM9MuvcbRxVv5uXVYOYcc9N5O5KF
IMG_0097.JPG,1m61EDjkX5JCTd4J4YPOrmywQj8AbGXV2,https://drive.google.com/uc?export=view&id=1m61EDjkX5JCTd4J4YPOrmywQj8AbGXV2
IMG_0096.JPG,12p0dnYvYEYY7t3aEI70Yo2UT7ohqp0Zp,https://drive.google.com/uc?export=view&id=12p0dnYvYEYY7t3aEI70Yo2UT7ohqp0Zp
IMG_0092.JPG,1M4nLapb9HGcfXZQhV4IVuJdD9YGWX3aK,https://drive.google.com/uc?export=view&id=1M4nLapb9HGcfXZQhV4IVuJdD9YGWX3aK
IMG_0095.JPG,1Ecm7LD0w84Kd8L8zClfQf1ZBfmEibsCr,https://drive.google.com/uc?export=view&id=1Ecm7LD0w84Kd8L8zClfQf1ZBfmEibsCr
IMG_0094.JPG,1ep_lBxlrCeG0QWGvWL694PwJ3eYmQPbW,https://drive.google.com/uc?export=view&id=1ep_lBxlrCeG0QWGvWL694PwJ3eYmQPbW
IMG_0093.JPG,1uzHy7BBNFjgnZAKPn2E9dGGvl2yFHff2,https://drive.google.com/uc?export=view&id=1uzHy7BBNFjgnZAKPn2E9dGGvl2yFHff2
IMG_0091.JPG,1kiQT7W7q21fqn7UO-nnhuPGX95-Z_ykR,https://drive.google.com/uc?export=view&id=1kiQT7W7q21fqn7UO-nnhuPGX95-Z_ykR
IMG_0090.JPG,12FO_R0rnIp1895l1cZKLSv7Fe50vEDoh,https://drive.google.com/uc?export=view&id=12FO_R0rnIp1895l1cZKLSv7Fe50vEDoh
IMG_0089.JPG,1LGI9eM2f4zN3ZGKcX5eCAiifa1frx-tj,https://drive.google.com/uc?export=view&id=1LGI9eM2f4zN3ZGKcX5eCAiifa1frx-tj
IMG_0084.JPG,1Y37AumRJvXOofJAPzhSVf5bDNVWZkHNm,https://drive.google.com/uc?export=view&id=1Y37AumRJvXOofJAPzhSVf5bDNVWZkHNm
IMG_0088.JPG,1rmi2tos54l-vFhUG_DEdpw-F3bAv534k,https://drive.google.com/uc?export=view&id=1rmi2tos54l-vFhUG_DEdpw-F3bAv534k
IMG_0085.JPG,1ok1wM0ItCG1lmAD1En9xprI9Malu5rC7,https://drive.google.com/uc?export=view&id=1ok1wM0ItCG1lmAD1En9xprI9Malu5rC7
IMG_0083.JPG,1xhD4VOi_zS7V80jGwNdRO5ocj6kCDO_J,https://drive.google.com/uc?export=view&id=1xhD4VOi_zS7V80jGwNdRO5ocj6kCDO_J
IMG_0080.JPG,1I9WtWF-WM8raC7HMLb7QtMbdW41dLUQ8,https://drive.google.com/uc?export=view&id=1I9WtWF-WM8raC7HMLb7QtMbdW41dLUQ8
IMG_0086.JPG,1bYtRyLTh6PA3YLgiZcZTkjlXL5-eSzGH,https://drive.google.com/uc?export=view&id=1bYtRyLTh6PA3YLgiZcZTkjlXL5-eSzGH
IMG_0087.JPG,1eIjR1TFjRjZqFSkYH5bNCh6MVyX_ayd5,https://drive.google.com/uc?export=view&id=1eIjR1TFjRjZqFSkYH5bNCh6MVyX_ayd5
IMG_0082.JPG,1MVz7gAJm2YYjHJeRC_s9CXtEO1GDdevS,https://drive.google.com/uc?export=view&id=1MVz7gAJm2YYjHJeRC_s9CXtEO1GDdevS
IMG_0081.JPG,142BdZTK07ippcNKJhOK2V9EAJjFAHA3h,https://drive.google.com/uc?export=view&id=142BdZTK07ippcNKJhOK2V9EAJjFAHA3h
IMG_0079.JPG,1WoP-bKQBQM13c8oyuDAWD3mExPN2MaNp,https://drive.google.com/uc?export=view&id=1WoP-bKQBQM13c8oyuDAWD3mExPN2MaNp
IMG_0072.JPG,18MM-DmjsVeasqntTzFzW5Z20RdrFoqNr,https://drive.google.com/uc?export=view&id=18MM-DmjsVeasqntTzFzW5Z20RdrFoqNr
IMG_0078.JPG,1ZKbIpWAGFNzNajPQVoMovrfC54_YgR-Q,https://drive.google.com/uc?export=view&id=1ZKbIpWAGFNzNajPQVoMovrfC54_YgR-Q
IMG_0074.JPG,1sRl2xX8Tevvii-RtmAKKP25lZ5hC2VWQ,https://drive.google.com/uc?export=view&id=1sRl2xX8Tevvii-RtmAKKP25lZ5hC2VWQ
IMG_0075.JPG,13QZSYjTdF39i5SunZ1HZiHYk9dF4P9mU,https://drive.google.com/uc?export=view&id=13QZSYjTdF39i5SunZ1HZiHYk9dF4P9mU
IMG_0076.JPG,1HjEjG2zQ_H5410yzWqNti3fFG8Ue4gyK,https://drive.google.com/uc?export=view&id=1HjEjG2zQ_H5410yzWqNti3fFG8Ue4gyK
IMG_0077.JPG,18RrO6gS2MBxKl5Cz4Gs4DlhmLNlwjvkb,https://drive.google.com/uc?export=view&id=18RrO6gS2MBxKl5Cz4Gs4DlhmLNlwjvkb
IMG_0071.JPG,1Ifjr2wgn3tMO5mtwfWjm7kNy58JQedjy,https://drive.google.com/uc?export=view&id=1Ifjr2wgn3tMO5mtwfWjm7kNy58JQedjy
IMG_0073.JPG,165-rIZjP4zvjy9bicSkPPivCHLxzthq7,https://drive.google.com/uc?export=view&id=165-rIZjP4zvjy9bicSkPPivCHLxzthq7
IMG_0070.JPG,1gewQ9nHNIwULBUB55tuPdElO0S08yEhM,https://drive.google.com/uc?export=view&id=1gewQ9nHNIwULBUB55tuPdElO0S08yEhM
IMG_0069.JPG,1OhegzMIX4VSDAi1Qe4ZLPY55ko0-L9SU,https://drive.google.com/uc?export=view&id=1OhegzMIX4VSDAi1Qe4ZLPY55ko0-L9SU
IMG_0066.JPG,1bEMQkI3tP5li6bB2S_mzP6FEzS8ksFaS,https://drive.google.com/uc?export=view&id=1bEMQkI3tP5li6bB2S_mzP6FEzS8ksFaS
IMG_0067.JPG,1kbznfmQiyjl39bzIhE6Z5Kg5wYnfSxvy,https://drive.google.com/uc?export=view&id=1kbznfmQiyjl39bzIhE6Z5Kg5wYnfSxvy
IMG_0068.JPG,1Ha9ZQ3nk2uWEK3fSMoDK7igv3CGXYgGQ,https://drive.google.com/uc?export=view&id=1Ha9ZQ3nk2uWEK3fSMoDK7igv3CGXYgGQ
IMG_0065.JPG,1t0LGvwcK-gFwATi9d1qR8TJc0_pstaZ0,https://drive.google.com/uc?export=view&id=1t0LGvwcK-gFwATi9d1qR8TJc0_pstaZ0
IMG_0063.JPG,1zx5VGm8uQ-zgSg45aBsfCpWpxvYo8hNM,https://drive.google.com/uc?export=view&id=1zx5VGm8uQ-zgSg45aBsfCpWpxvYo8hNM
IMG_0062.JPG,1m2h7iLFn9aYmC2jZEzSNMVhLLES7ftJb,https://drive.google.com/uc?export=view&id=1m2h7iLFn9aYmC2jZEzSNMVhLLES7ftJb
IMG_0064.JPG,17Hg93TCM2_OIDeSJTEr9HGQXDYJ9EWar,https://drive.google.com/uc?export=view&id=17Hg93TCM2_OIDeSJTEr9HGQXDYJ9EWar
IMG_0060.JPG,1WVDKPEmEzS1m0feC1_ZKuPzsmcdsf0UZ,https://drive.google.com/uc?export=view&id=1WVDKPEmEzS1m0feC1_ZKuPzsmcdsf0UZ
IMG_0061.JPG,17nDKkm3Tmp0qjVWJ4Or6jheZriTaotOB,https://drive.google.com/uc?export=view&id=17nDKkm3Tmp0qjVWJ4Or6jheZriTaotOB
IMG_0059.JPG,1qRySO-JQlsMmZiGv6pEmHqO8xXKXkgrQ,https://drive.google.com/uc?export=view&id=1qRySO-JQlsMmZiGv6pEmHqO8xXKXkgrQ
IMG_0058.JPG,1VlcFo__17ruQYj0b1iQlgL8WOTxh5k2y,https://drive.google.com/uc?export=view&id=1VlcFo__17ruQYj0b1iQlgL8WOTxh5k2y
IMG_0057.JPG,1jIXJp6MkJSr5rdqntResf_bhH7glPS7K,https://drive.google.com/uc?export=view&id=1jIXJp6MkJSr5rdqntResf_bhH7glPS7K
IMG_0054.JPG,1GUegs5x5SKdI_umlJrifbod2-0wK2ngl,https://drive.google.com/uc?export=view&id=1GUegs5x5SKdI_umlJrifbod2-0wK2ngl
IMG_0055.JPG,1iue_6I_-dgjIPyujEt-ALbEGnZ0zjRl5,https://drive.google.com/uc?export=view&id=1iue_6I_-dgjIPyujEt-ALbEGnZ0zjRl5
IMG_0053.JPG,1OnrP29PbrhAeI__pH1WNwptopp4jx0be,https://drive.google.com/uc?export=view&id=1OnrP29PbrhAeI__pH1WNwptopp4jx0be
IMG_0050.JPG,1Y_EU0MZFQqsbn5GlZDXHZHehthoZ2DwP,https://drive.google.com/uc?export=view&id=1Y_EU0MZFQqsbn5GlZDXHZHehthoZ2DwP
IMG_0056.JPG,1ess-i-EqqC1IhGsQZFoIxiU298QbLEh2,https://drive.google.com/uc?export=view&id=1ess-i-EqqC1IhGsQZFoIxiU298QbLEh2
IMG_0052.JPG,1hfdMVIeVb-6_cEIDQ1C0Cr8yT1RVh9WU,https://drive.google.com/uc?export=view&id=1hfdMVIeVb-6_cEIDQ1C0Cr8yT1RVh9WU
IMG_0051.JPG,1VZI7gz5yoqFU5BVED4yJG10p6L_Pr9GE,https://drive.google.com/uc?export=view&id=1VZI7gz5yoqFU5BVED4yJG10p6L_Pr9GE
IMG_0049.JPG,1phuWZRgQT_14zspRBbwQw6m-LmBqQ80C,https://drive.google.com/uc?export=view&id=1phuWZRgQT_14zspRBbwQw6m-LmBqQ80C
IMG_0042.JPG,1RPD207SSIkg9gfuqNtqzOCtGvR3ivdLz,https://drive.google.com/uc?export=view&id=1RPD207SSIkg9gfuqNtqzOCtGvR3ivdLz
IMG_0041.JPG,12hGBjVPolpPFymjqUzEQUruQRiq38VU4,https://drive.google.com/uc?export=view&id=12hGBjVPolpPFymjqUzEQUruQRiq38VU4
IMG_0044.JPG,1OGbPfBnw6qzIOrY1niSgRFak5N03gm5v,https://drive.google.com/uc?export=view&id=1OGbPfBnw6qzIOrY1niSgRFak5N03gm5v
IMG_0047.JPG,14MoSVtSHteCl6qWqT4Az9AWhtToz-8DN,https://drive.google.com/uc?export=view&id=14MoSVtSHteCl6qWqT4Az9AWhtToz-8DN
IMG_0043.JPG,1B-zGE2UJYSFdUTvSh-21eCvxjyE-iSkn,https://drive.google.com/uc?export=view&id=1B-zGE2UJYSFdUTvSh-21eCvxjyE-iSkn
IMG_0040.JPG,13pv25Aag_I_iPadgADCjlhW_HEtoHv_n,https://drive.google.com/uc?export=view&id=13pv25Aag_I_iPadgADCjlhW_HEtoHv_n
IMG_0048.JPG,1gC2PnhlKWtHJO_W0k1wCAL0C8dUHebSk,https://drive.google.com/uc?export=view&id=1gC2PnhlKWtHJO_W0k1wCAL0C8dUHebSk
IMG_0046.JPG,1FaX6Yhrv6VbbZEpC5HxAoIhPExYjveh7,https://drive.google.com/uc?export=view&id=1FaX6Yhrv6VbbZEpC5HxAoIhPExYjveh7
IMG_0045.JPG,1aS49IQvW7pIHMsZQXnhdijHKffnY4OyU,https://drive.google.com/uc?export=view&id=1aS49IQvW7pIHMsZQXnhdijHKffnY4OyU